ticker_id,ticker
2,AA
1,A
5,AAME
6,AAN
7,AAON
8,AAP
9,AAPL
10,AAU
12,AAWW
13,AB
16,ABB
17,ABC
18,ABCB
22,ABG
23,ABIO
24,ABM
25,ABMD
26,ABR
27,ABT
32,ACAD
35,ACC
41,ACGL
42,ACH
43,ACHN
45,ACIW
46,ACLS
47,ACM
48,ACN
49,ACNB
52,ACOR
54,ACTG
56,ACU
60,ACY
62,ADBE
63,ADC
65,ADES
67,ADI
69,ADM
70,ADP
71,ADS
72,ADSK
73,ADTN
74,ADUS
76,ADX
78,AE
79,AEB
82,AEE
83,AEG
85,AEHR
86,AEIS
87,AEL
88,AEM
89,AEO
90,AEP
92,AER
95,AES
99,AEY
100,AEZS
109,AFG
110,AFL
114,AG
115,AGCO
116,AGEN
118,AGM
119,AGN
120,AGNC
121,AGO
124,AGX
125,AGYS
127,AHC
130,AHPI
132,AHT
133,AI
134,AIG
135,AIM
136,AIMC
137,AIN
138,AINV
139,AIQ
140,AIR
142,AIRT
143,AIT
144,AIV
146,AIZ
147,AJG
148,AKAM
149,AKR
150,AKRX
151,AKS
152,ALB
153,ALC
154,ALCO
155,ALE
156,ALEX
157,ALG
158,ALGN
159,ALGT
160,ALIM
162,ALK
163,ALKS
164,ALL
166,ALLT
169,ALNY
171,ALOT
173,ALRN
174,ALSK
178,ALTR
180,ALV
182,ALX
184,ALXN
185,AM
186,AMAG
188,AMAT
193,AMD
194,AME
195,AMED
196,AMG
197,AMGN
199,AMKR
201,AMN
202,AMNB
203,AMOT
204,AMOV
205,AMP
207,AMRB
208,AMRC
210,AMRN
211,AMRS
212,AMS
213,AMSC
214,AMSF
216,AMSWA
217,AMT
218,AMTD
219,AMWD
220,AMX
221,AMZN
222,AN
225,ANAT
228,ANDE
230,ANF
232,ANGO
233,ANH
234,ANIK
239,ANSS
247,AON
249,AOS
250,AOSL
251,AP
252,APA
255,APD
256,APEI
258,APH
262,APOG
268,APT
271,ARAY
277,ARE
280,ARI
284,ARL
285,ARLP
288,ARNA
290,AROW
292,ARQL
298,ARTNA
299,ARTW
300,ARTX
302,ARW
303,ARWR
306,ASA
312,ASFI
314,ASGN
315,ASH
319,ASML
320,ASPS
321,ASR
323,ASTC
324,ASTE
327,ASUR
328,ASX
329,ASYS
330,AT
332,ATAX
336,ATEC
338,ATHX
339,ATI
341,ATLO
345,ATNI
346,ATO
348,ATR
349,ATRC
350,ATRI
352,ATRO
353,ATSG
355,ATV
356,ATVI
359,AU
360,AUBN
361,AUDC
362,AUMN
366,AUY
368,AVA
369,AVAV
370,AVB
372,AVD
373,AVEO
375,AVGO
376,AVID
379,AVNW
380,AVP
381,AVT
382,AVX
383,AVY
386,AWI
387,AWK
388,AWR
389,AWRE
390,AXAS
391,AXE
393,AXL
395,AXP
396,AXR
397,AXS
398,AXTI
399,AXU
400,AYI
401,AYR
404,AZN
405,AZO
406,AZPN
407,AZZ
408,B
409,BA
412,BAC
414,BAH
415,BAK
417,BAM
419,BANF
420,BANR
421,BAP
423,BASI
424,BAX
425,BBBY
426,BBD
429,BBGI
430,BBL
434,BBSI
435,BBT
436,BBVA
437,BBW
438,BBX
439,BBY
440,BC
442,BCBP
443,BCE
444,BCH
445,BCO
446,BCOV
447,BCPC
449,BCRX
450,BCS
451,BDC
453,BDGE
455,BDN
456,BDSI
457,BDX
458,BEAT
461,BECN
464,BELFB
465,BEN
467,BEST
469,BFIN
471,BFS
472,BG
474,BGCP
475,BGFV
476,BGG
477,BGS
478,BH
479,BHB
480,BHE
482,BHLB
483,BHP
485,BIDU
488,BIIB
490,BIO
491,BIOC
494,BIOS
495,BIP
497,BITA
498,BJRI
499,BK
500,BKCC
501,BKD
502,BKE
503,BKH
504,BKI
505,BKJ
508,BKR
512,BLDP
513,BLDR
514,BLIN
515,BLKB
516,BLL
518,BLX
519,BMA
521,BMI
523,BMO
525,BMRC
526,BMRN
528,BMTC
530,BMY
534,BNS
535,BNSO
538,BOCH
541,BOH
542,BOKF
546,BOOM
547,BOOT
549,BOSC
550,BOX
551,BP
553,BPFH
558,BPOP
559,BPT
561,BR
562,BRC
567,BRFS
568,BRKL
569,BRKR
570,BRKS
572,BRO
574,BRT
575,BRY
576,BSBR
578,BSET
582,BSQR
583,BSRR
584,BSTC
585,BSX
588,BTE
591,BTI
592,BTN
593,BTU
596,BUD
597,BUSE
598,BV
599,BVN
600,BVSN
602,BWA
604,BWEN
610,BX
611,BXC
612,BXG
613,BXP
614,BXS
615,BYD
616,BYFC
619,BZH
620,C
622,CAAS
624,CAC
626,CACC
628,CACI
631,CAE
633,CAG
635,CAH
636,CAJ
638,CAKE
642,CALM
643,CALX
645,CAMP
646,CAMT
649,CAR
653,CASH
655,CASS
656,CASY
657,CAT
658,CATM
659,CATO
660,CATY
665,CB
667,CBAN
668,CBB
669,CBD
678,CBL
679,CBLI
680,CBM
683,CBOE
686,CBPO
688,CBRL
690,CBS
691,CBSH
693,CBT
694,CBU
695,CBZ
696,CCBG
697,CCC
698,CCCL
700,CCF
702,CCH
703,CCI
706,CCJ
707,CCK
708,CCL
709,CCM
711,CCMP
712,CCNE
713,CCO
13554,CRSAW
13522,CTXRW
14016,DFNSU
13756,FTEO
13984,KELYB
14125,NEBUW
3199,SI
14397,SNGXW
10030,TDV
15665,AMHCU
15684,BRMK
15688,BXRX
15689,CAN
15693,CHPMU
15721,FINV
15747,FRG
15755,GLEO
15802,NTRSO
15825,PINE
15835,PTACU
15847,SAQNU
15857,SITM
